{
  "algorithm": "DreamerV2",
  "obstacle": false,
  "steps": [
    5024,
    10016,
    15008,
    20000,
    25024,
    30016,
    35008,
    40000,
    45024,
    50016,
    55008,
    60000,
    65024,
    70016,
    75008,
    80000,
    85024,
    90016,
    95008,
    100000,
    105024,
    110016,
    115008,
    120000,
    125024,
    130016,
    135008,
    140000,
    145024,
    150016,
    155008,
    160000,
    165024,
    170016,
    175008,
    180000,
    185024,
    190016,
    195008,
    200000,
    205024,
    210016,
    215008,
    220000,
    225024,
    230016,
    235008,
    240000,
    245024,
    250016,
    255008,
    260000,
    265024,
    270016,
    275008,
    280000,
    285024,
    290016,
    295008,
    300000,
    305024,
    310016,
    315008,
    320000,
    325024,
    330016,
    335008,
    340000,
    345024,
    350016,
    355008,
    360000,
    365024,
    370016,
    375008,
    380000,
    385024,
    390016,
    395008,
    400000
  ],
  "success_rate": [
    0.0,
    0.0,
    0.0,
    0.0,
    0.0,
    0.0,
    0.0,
    0.0,
    0.0,
    0.0,
    0.0,
    0.0,
    0.0,
    0.0,
    0.0,
    0.0,
    0.0,
    0.0,
    0.0,
    0.0,
    0.0,
    0.0,
    0.0,
    0.0,
    0.0,
    0.0,
    0.0,
    0.0,
    0.0,
    0.0,
    0.0,
    0.0,
    0.0,
    0.0,
    0.0,
    0.0,
    0.0,
    0.0,
    66.66666666666667,
    35.714285714285715,
    0.0,
    0.0,
    0.0,
    0.0,
    0.0,
    0.0,
    0.0,
    5.555555555555555,
    7.6923076923076925,
    0.0,
    0.0,
    6.666666666666667,
    0.0,
    0.0,
    0.0,
    0.0,
    0.0,
    0.0,
    0.0,
    0.0,
    15.0,
    8.333333333333334,
    0.0,
    0.0,
    27.272727272727273,
    37.5,
    12.5,
    16.666666666666668,
    30.434782608695652,
    14.285714285714286,
    0.0,
    0.0,
    0.0,
    50.0,
    19.047619047619047,
    0.0,
    0.0,
    27.272727272727273,
    18.181818181818183,
    100.0
  ],
  "crash_rate": [
    0.0,
    0.0,
    100.0,
    100.0,
    100.0,
    100.0,
    100.0,
    100.0,
    100.0,
    100.0,
    100.0,
    100.0,
    100.0,
    100.0,
    100.0,
    100.0,
    100.0,
    100.0,
    100.0,
    100.0,
    100.0,
    100.0,
    100.0,
    100.0,
    100.0,
    100.0,
    100.0,
    100.0,
    100.0,
    100.0,
    100.0,
    100.0,
    100.0,
    100.0,
    100.0,
    100.0,
    100.0,
    100.0,
    33.333333333333336,
    64.28571428571429,
    100.0,
    100.0,
    100.0,
    100.0,
    100.0,
    100.0,
    100.0,
    94.44444444444444,
    92.3076923076923,
    100.0,
    100.0,
    93.33333333333333,
    100.0,
    100.0,
    100.0,
    100.0,
    100.0,
    100.0,
    100.0,
    100.0,
    85.0,
    91.66666666666667,
    100.0,
    92.3076923076923,
    72.72727272727273,
    56.25,
    87.5,
    83.33333333333333,
    69.56521739130434,
    85.71428571428571,
    100.0,
    100.0,
    100.0,
    50.0,
    80.95238095238095,
    100.0,
    100.0,
    72.72727272727273,
    81.81818181818181,
    0.0
  ],
  "avg_distance": [
    0.0,
    0.0,
    6.1099987626075745,
    5.1589750289917,
    6.082587458870628,
    5.599544869528876,
    6.096470197041829,
    5.611924088519553,
    6.364620208740234,
    5.84219921552218,
    5.550661291394915,
    5.705605824788411,
    5.820821205774943,
    6.211318201488918,
    5.804509030448066,
    5.8467465450889184,
    5.913995711008708,
    5.822886492076673,
    6.21540584564209,
    6.281881472643684,
    5.997536606258816,
    6.24469404220581,
    6.181432723999023,
    5.771249055862427,
    6.308629964527331,
    6.174408213297526,
    6.385182023048401,
    6.069248479955337,
    5.8818884789943695,
    6.2356720974570825,
    5.7106068274554085,
    6.402537850772633,
    5.870967715978622,
    6.11904447218951,
    6.4199998038155695,
    6.736047077178955,
    7.011200841267904,
    6.796783004488264,
    8.91549555460612,
    7.464345983096531,
    5.672558148701985,
    6.3868827197862705,
    5.792562087376912,
    6.118812608718872,
    5.841144648465243,
    6.1703134837903475,
    6.601911465326945,
    6.832885874642266,
    6.601519841414231,
    6.205274469712201,
    6.489474500928607,
    6.633983325958252,
    6.700160063230074,
    6.165695691108704,
    6.284433921178182,
    6.226273886362711,
    6.437483030207017,
    6.213441371917725,
    6.123378247022629,
    6.842114275152033,
    7.006885719299317,
    6.360651691754659,
    6.181976501758282,
    7.077056848085844,
    7.379036123102361,
    7.498808264732361,
    6.649671763181686,
    6.830950339635213,
    7.679022457288659,
    6.895082201276507,
    6.764521939413888,
    6.840904426574707,
    5.978471438090007,
    8.131980562210083,
    6.76609586534046,
    6.027352952957154,
    6.821987572838278,
    6.973346623507413,
    7.35598069971258,
    9.292999267578125
  ],
  "model_loss": [
    0.06552479416131973,
    0.1360817849636078,
    0.025734353810548782,
    1.6911566257476807,
    0.031162695959210396,
    0.01795121654868126,
    1.541565179824829,
    0.026852121576666832,
    0.025570087134838104,
    0.017799921333789825,
    0.01423700526356697,
    0.03605532646179199,
    0.035728808492422104,
    1.5813161134719849,
    0.009663295932114124,
    0.09680689126253128,
    0.011698315851390362,
    0.02308155782520771,
    0.06611831486225128,
    0.017204318195581436,
    0.018374403938651085,
    0.014110671356320381,
    0.01366781909018755,
    0.03602132946252823,
    0.011521853506565094,
    0.02395503595471382,
    0.026616543531417847,
    0.015123825520277023,
    0.03971542418003082,
    0.016098959371447563,
    1.6207863092422485,
    0.05065944045782089,
    0.015002984553575516,
    0.008943519555032253,
    0.013292038813233376,
    1.5953559875488281,
    0.013785948976874352,
    0.009104744531214237,
    1.6707727909088135,
    0.007852052338421345,
    0.018515782430768013,
    1.653917908668518,
    0.012757153250277042,
    0.032148316502571106,
    0.01419130526483059,
    0.012386895716190338,
    0.013014113530516624,
    0.017987161874771118,
    0.008189555257558823,
    0.013290399685502052,
    0.04185350984334946,
    0.009209616109728813,
    0.008880923502147198,
    0.012516176328063011,
    0.017989924177527428,
    0.012150593101978302,
    0.01363943051546812,
    0.0063570826314389706,
    0.008463878184556961,
    3.2479429244995117,
    0.013736937195062637,
    0.017481103539466858,
    1.6533379554748535,
    0.011346445418894291,
    1.6149675846099854,
    1.666251540184021,
    0.017325354740023613,
    0.01135302521288395,
    0.012456914409995079,
    0.014604547992348671,
    0.013879751786589622,
    1.5796618461608887,
    0.014408968389034271,
    0.01977253332734108,
    1.6529306173324585,
    0.011159030720591545,
    0.01005476899445057,
    0.009155536070466042,
    0.013567726127803326,
    0.010435591451823711
  ],