{
  "algorithm": "DreamerV2",
  "obstacle": true,
  "steps": [
    5024,
    10016,
    15008,
    20000,
    25024,
    30016,
    35008,
    40000,
    45024,
    50016,
    55008,
    60000,
    65024,
    70016,
    75008,
    80000,
    85024,
    90016,
    95008,
    100000,
    105024,
    110016,
    115008,
    120000,
    125024,
    130016,
    135008,
    140000,
    145024,
    150016,
    155008,
    160000,
    165024,
    170016,
    175008,
    180000,
    185024,
    190016,
    195008,
    200000,
    205024,
    210016,
    215008,
    220000,
    225024,
    230016,
    235008,
    240000,
    245024,
    250016,
    255008,
    260000,
    265024,
    270016,
    275008,
    280000,
    285024,
    290016,
    295008,
    300000,
    305024,
    310016,
    315008,
    320000,
    325024,
    330016,
    335008,
    340000,
    345024,
    350016,
    355008,
    360000,
    365024,
    370016,
    375008,
    380000,
    385024,
    390016,
    395008,
    400000,
    405024,
    410016,
    415008,
    420000,
    425024,
    430016,
    435008,
    440000,
    445024,
    450016,
    455008,
    460000,
    465024,
    470016,
    475008,
    480000,
    485024,
    490016,
    495008,
    500000
  ],
  "success_rate": [
    0.0,
    0.0,
    0.0,
    0.0,
    0.0,
    0.0,
    0.0,
    0.0,
    6.666666666666667,
    0.0,
    0.0,
    0.0,
    0.0,
    0.0,
    0.0,
    0.0,
    0.0,
    0.0,
    0.0,
    0.0,
    0.0,
    0.0,
    0.0,
    0.0,
    0.0,
    0.0,
    0.0,
    0.0,
    0.0,
    0.0,
    0.0,
    0.0,
    0.0,
    0.0,
    0.0,
    0.0,
    0.0,
    0.0,
    8.333333333333334,
    43.75,
    10.526315789473685,
    0.0,
    0.0,
    0.0,
    0.0,
    0.0,
    0.0,
    0.0,
    47.82608695652174,
    57.142857142857146,
    4.545454545454546,
    12.5,
    0.0,
    5.882352941176471,
    0.0,
    5.882352941176471,
    0.0,
    0.0,
    0.0,
    0.0,
    0.0,
    0.0,
    14.285714285714286,
    0.0,
    46.15384615384615,
    54.54545454545455,
    53.84615384615385,
    80.0,
    47.05882352941177,
    46.15384615384615,
    14.285714285714286,
    6.25,
    8.333333333333334,
    5.555555555555555,
    8.333333333333334,
    0.0,
    0.0,
    0.0,
    0.0,
    0.0,
    57.89473684210526,
    10.0,
    0.0,
    0.0,
    0.0,
    0.0,
    0.0,
    9.090909090909092,
    5.555555555555555,
    6.666666666666667,
    0.0,
    0.0,
    0.0,
    0.0,
    9.090909090909092,
    26.08695652173913,
    0.0,
    0.0,
    100.0,
    100.0
  ],
  "crash_rate": [
    0.0,
    0.0,
    100.0,
    100.0,
    100.0,
    100.0,
    100.0,
    100.0,
    93.33333333333333,
    100.0,
    100.0,
    100.0,
    100.0,
    100.0,
    100.0,
    100.0,
    100.0,
    100.0,
    100.0,
    100.0,
    100.0,
    100.0,
    100.0,
    100.0,
    100.0,
    100.0,
    100.0,
    100.0,
    100.0,
    100.0,
    100.0,
    100.0,
    100.0,
    100.0,
    100.0,
    100.0,
    100.0,
    100.0,
    91.66666666666667,
    56.25,
    89.47368421052632,
    100.0,
    100.0,
    100.0,
    100.0,
    100.0,
    100.0,
    100.0,
    52.17391304347826,
    42.857142857142854,
    95.45454545454545,
    87.5,
    100.0,
    94.11764705882354,
    100.0,
    94.11764705882354,
    100.0,
    100.0,
    100.0,
    100.0,
    100.0,
    100.0,
    85.71428571428571,
    100.0,
    53.84615384615385,
    36.36363636363637,
    30.76923076923077,
    20.0,
    52.94117647058823,
    53.84615384615385,
    85.71428571428571,
    93.75,
    83.33333333333333,
    94.44444444444444,
    91.66666666666667,
    100.0,
    100.0,
    100.0,
    100.0,
    100.0,
    42.10526315789474,
    90.0,
    100.0,
    100.0,
    100.0,
    100.0,
    100.0,
    90.9090909090909,
    94.44444444444444,
    93.33333333333333,
    100.0,
    100.0,
    100.0,
    100.0,
    81.81818181818181,
    69.56521739130434,
    100.0,
    100.0,
    0.0,
    0.0
  ],
  "avg_distance": [
    0.0,
    0.0,
    6.125977084040642,
    5.087212012364314,
    6.1818458406548755,
    5.607700738039884,
    6.263217709281228,
    5.766607920328776,
    6.177693144480387,
    5.943176464600996,
    5.936164174761091,
    6.163055223577163,
    6.043330272038777,
    5.9799189848058365,
    5.928708765241835,
    5.962374637001439,
    5.897222294526942,
    5.940931768978343,
    6.048533523783965,
    5.8911228444841175,
    5.831534544626872,
    5.810255591074625,
    6.040149352129768,
    5.764120186076445,
    5.754796653985977,
    6.663681536912918,
    6.159391164779663,
    6.019344254543907,
    6.09372091293335,
    6.257374350229899,
    6.075232893228531,
    6.146458042992486,
    6.104797071880764,
    6.326502203941345,
    5.808786139768713,
    6.190042495727539,
    6.438190852894502,
    6.495921611785889,
    6.584978342056274,
    7.7191822826862335,
    6.735398292541504,
    6.017161409060161,
    6.617530654458439,
    6.137896478176117,
    6.5524120648701984,
    6.498342620001899,
    6.333060521345872,
    6.088250568934849,
    7.361834567526112,
    8.47404684339251,
    6.8423966711217705,
    7.386842310428619,
    7.0401531628199985,
    7.050775415757123,
    6.058878455843244,
    6.663832860834458,
    6.0402312755584715,
    6.893953609466553,
    6.861633658409119,
    6.665424873954372,
    6.760647773742676,
    6.361276037552777,
    6.945667062486921,
    5.77614057981051,
    7.476718645829421,
    7.999500274658203,
    8.126859628237211,
    8.657315969467163,
    7.469239852007697,
    7.267923758580134,
    6.844917058944702,
    7.088509529829025,
    5.995591123898824,
    6.866498814688788,
    6.880906979242961,
    5.714407393806859,
    6.367019946758564,
    6.210523933172226,
    6.443539947271347,
    5.66084345181783,
    7.714877956791928,
    7.711754894256591,
    6.629891699010676,
    5.937541855706109,
    6.593201160430908,
    6.893655368259975,
    6.783643270793714,
    7.390226104042747,
    6.284491433037652,
    7.1355904261271155,
    6.210544449942453,
    6.669260859489441,
    7.029935137430827,
    6.528584416707357,
    6.24782640283758,
    6.772404173146123,
    5.4405345519383745,
    5.694845199584961,
    9.290029730115618,
    9.290799617767334
  ],