{
  "algorithm": "PPO",
  "obstacle": true,
  "steps": [
    8192,
    12288,
    16384,
    20480,
    28672,
    32768,
    36864,
    40960,
    45056,
    53248,
    57344,
    61440,
    65536,
    73728,
    77824,
    81920,
    86016,
    90112,
    98304,
    102400,
    106496,
    110592,
    118784,
    122880,
    126976,
    131072,
    135168,
    143360,
    147456,
    151552,
    155648,
    163840,
    167936,
    172032,
    176128,
    180224,
    188416,
    192512,
    196608,
    200704,
    208896,
    212992,
    217088,
    221184,
    225280,
    233472,
    237568,
    241664,
    245760,
    253952,
    258048,
    262144,
    266240,
    270336,
    278528,
    282624,
    286720,
    290816,
    299008,
    303104,
    307200,
    311296,
    315392,
    323584,
    327680,
    331776,
    335872,
    344064,
    348160,
    352256,
    356352,
    360448,
    368640,
    372736,
    376832,
    380928,
    385024,
    393216,
    397312,
    401408,
    405504,
    413696,
    417792,
    421888,
    425984,
    430080,
    438272,
    442368,
    446464,
    450560,
    458752,
    462848,
    466944,
    471040,
    475136,
    483328,
    487424,
    491520,
    495616,
    503808
  ],
  "success_rate": [
    0.0,
    0.0,
    0.0,
    0.0,
    0.0,
    0.0,
    0.0,
    0.0,
    0.0,
    0.0,
    0.0,
    0.0,
    0.0,
    0.0,
    0.0,
    0.0,
    0.0,
    7.6923076923076925,
    3.125,
    0.0,
    0.0,
    0.0,
    0.0,
    0.0,
    0.0,
    0.0,
    0.0,
    0.0,
    0.0,
    0.0,
    0.0,
    0.0,
    0.0,
    0.0,
    0.0,
    0.0,
    0.0,
    0.0,
    0.0,
    0.0,
    0.0,
    0.0,
    0.0,
    0.0,
    0.0,
    0.0,
    0.0,
    0.0,
    0.0,
    0.0,
    0.0,
    0.0,
    0.0,
    0.0,
    0.0,
    0.0,
    0.0,
    0.0,
    0.0,
    0.0,
    0.0,
    0.0,
    0.0,
    0.0,
    0.0,
    0.0,
    0.0,
    0.0,
    0.0,
    0.0,
    0.0,
    0.0,
    0.0,
    0.0,
    0.0,
    0.0,
    0.0,
    52.0,
    66.66666666666667,
    38.46153846153846,
    25.0,
    0.0,
    0.0,
    0.0,
    0.0,
    0.0,
    0.0,
    0.0,
    0.0,
    0.0,
    3.0303030303030303,
    0.0,
    0.0,
    0.0,
    0.0,
    0.0,
    0.0,
    0.0,
    0.0,
    0.0
  ],
  "crash_rate": [
    0.0,
    100.0,
    100.0,
    100.0,
    100.0,
    100.0,
    100.0,
    100.0,
    100.0,
    100.0,
    100.0,
    100.0,
    100.0,
    100.0,
    100.0,
    100.0,
    100.0,
    92.3076923076923,
    96.875,
    100.0,
    100.0,
    100.0,
    100.0,
    100.0,
    100.0,
    100.0,
    100.0,
    100.0,
    100.0,
    100.0,
    100.0,
    100.0,
    100.0,
    100.0,
    100.0,
    100.0,
    100.0,
    100.0,
    100.0,
    100.0,
    100.0,
    100.0,
    100.0,
    100.0,
    100.0,
    100.0,
    100.0,
    100.0,
    100.0,
    100.0,
    100.0,
    100.0,
    100.0,
    100.0,
    100.0,
    100.0,
    100.0,
    100.0,
    100.0,
    100.0,
    100.0,
    100.0,
    100.0,
    100.0,
    100.0,
    100.0,
    100.0,
    100.0,
    100.0,
    100.0,
    100.0,
    100.0,
    100.0,
    100.0,
    100.0,
    100.0,
    100.0,
    48.0,
    33.333333333333336,
    61.53846153846154,
    75.0,
    100.0,
    100.0,
    100.0,
    100.0,
    100.0,
    100.0,
    100.0,
    100.0,
    100.0,
    96.96969696969697,
    100.0,
    100.0,
    100.0,
    100.0,
    100.0,
    100.0,
    100.0,
    100.0,
    100.0
  ],
  "avg_distance": [
    0.0,
    6.534905046224594,
    7.910784065723419,
    7.286018490791321,
    7.214825728360345,
    7.250816689597236,
    7.086527934441199,
    7.5747811417830615,
    7.1248756476811,
    6.988890714115566,
    7.031458003180368,
    6.896997742030932,
    7.16754510667589,
    7.131309598684311,
    6.9859747453169385,
    7.5921831130981445,
    7.508245103499469,
    7.946828658764179,
    8.00033563375473,
    7.077039131751428,
    7.287965416908264,
    7.025940504941073,
    6.998882630292107,
    7.235227293438381,
    7.321790490831647,
    6.931608501233552,
    6.938605198493371,
    6.974235098702567,
    6.999642027748956,
    6.925099813021147,
    7.036027455329895,
    6.902708604931831,
    6.878782889422248,
    6.989489248820713,
    6.992946200900608,
    7.022270539227654,
    6.90147909041374,
    7.022158189253374,
    6.853878702436175,
    7.003410439742239,
    7.01748904059915,
    6.990188042322795,
    6.818889341856304,
    6.93934508732387,
    7.093916601604885,
    6.9989709012648635,
    6.9916157355675335,
    6.882961249351501,
    6.993431227547782,
    6.95270073798395,
    7.1959352731704715,
    6.812788402332979,
    6.99918270111084,
    6.993644078572591,
    7.036329419989335,
    6.746871581444373,
    6.813464730978012,
    7.136010064019097,
    6.992788374423981,
    6.948225784301758,
    7.0561430270855245,
    7.216916958491008,
    7.051931551524571,
    7.108569800853729,
    6.976661258273655,
    7.0578688979148865,
    7.260465369505041,
    7.228237420320511,
    7.307585779825846,
    6.9812249856836655,
    7.001780192057292,
    7.280144959688187,
    7.167111685781768,
    7.195896752675375,
    7.188838117262897,
    7.266376801899502,
    7.725295130411784,
    8.983391246795655,
    8.776107350985209,
    8.713329755342924,
    8.604539453983307,
    7.517645463347435,
    7.584421362195696,
    7.585590082056382,
    7.457546234130859,
    7.528787108028636,
    7.530327012462001,
    7.361181318759918,
    7.524035692214966,
    7.5876352190971375,
    7.394576795173414,
    7.076773556795987,
    7.299284362792969,
    7.113836765289307,
    7.080709544095126,
    6.896103799343109,
    7.218341643993671,
    6.972131466865539,
    7.001496076583862,
    7.188656668509206
  ],