{
  "algorithm": "PPO",
  "obstacle": false,
  "steps": [
    8192,
    12288,
    16384,
    20480,
    28672,
    32768,
    36864,
    40960,
    45056,
    53248,
    57344,
    61440,
    65536,
    73728,
    77824,
    81920,
    86016,
    90112,
    98304,
    102400,
    106496,
    110592,
    118784,
    122880,
    126976,
    131072,
    135168,
    143360,
    147456,
    151552,
    155648,
    163840,
    167936,
    172032,
    176128,
    180224,
    188416,
    192512,
    196608,
    200704,
    208896,
    212992,
    217088,
    221184,
    225280,
    233472,
    237568,
    241664,
    245760,
    253952,
    258048,
    262144,
    266240,
    270336,
    278528,
    282624,
    286720,
    290816,
    299008,
    303104,
    307200,
    311296,
    315392,
    323584,
    327680,
    331776,
    335872,
    344064,
    348160,
    352256,
    356352,
    360448,
    368640,
    372736,
    376832,
    380928,
    385024,
    393216,
    397312,
    401408
  ],
  "success_rate": [
    0.0,
    0.0,
    0.0,
    0.0,
    0.0,
    0.0,
    0.0,
    0.0,
    0.0,
    0.0,
    0.0,
    0.0,
    0.0,
    0.0,
    0.0,
    0.0,
    0.0,
    0.0,
    0.0,
    0.0,
    0.0,
    0.0,
    0.0,
    0.0,
    0.0,
    0.0,
    0.0,
    0.0,
    0.0,
    6.25,
    0.0,
    8.571428571428571,
    0.0,
    0.0,
    0.0,
    0.0,
    0.0,
    0.0,
    0.0,
    0.0,
    0.0,
    0.0,
    0.0,
    0.0,
    0.0,
    0.0,
    0.0,
    0.0,
    0.0,
    0.0,
    0.0,
    0.0,
    0.0,
    0.0,
    0.0,
    0.0,
    0.0,
    0.0,
    3.7037037037037037,
    37.5,
    100.0,
    75.0,
    31.25,
    0.0,
    0.0,
    0.0,
    0.0,
    0.0,
    7.6923076923076925,
    0.0,
    0.0,
    0.0,
    0.0,
    0.0,
    0.0,
    0.0,
    0.0,
    3.0303030303030303,
    7.6923076923076925,
    0.0
  ],
  "crash_rate": [
    0.0,
    100.0,
    100.0,
    100.0,
    100.0,
    100.0,
    100.0,
    100.0,
    100.0,
    100.0,
    100.0,
    100.0,
    100.0,
    100.0,
    100.0,
    100.0,
    100.0,
    100.0,
    100.0,
    100.0,
    100.0,
    100.0,
    100.0,
    100.0,
    100.0,
    100.0,
    100.0,
    100.0,
    100.0,
    93.75,
    100.0,
    91.42857142857143,
    100.0,
    100.0,
    100.0,
    100.0,
    100.0,
    100.0,
    100.0,
    100.0,
    100.0,
    100.0,
    100.0,
    100.0,
    100.0,
    100.0,
    100.0,
    100.0,
    100.0,
    100.0,
    100.0,
    100.0,
    100.0,
    100.0,
    100.0,
    100.0,
    100.0,
    100.0,
    96.29629629629629,
    62.5,
    0.0,
    25.0,
    68.75,
    100.0,
    100.0,
    100.0,
    100.0,
    100.0,
    92.3076923076923,
    100.0,
    100.0,
    100.0,
    100.0,
    100.0,
    100.0,
    100.0,
    100.0,
    96.96969696969697,
    92.3076923076923,
    100.0
  ],
  "avg_distance": [
    0.0,
    6.466881155967712,
    7.820999771356583,
    6.908112406730652,
    7.106859697614397,
    7.249027032118577,
    6.736368092623624,
    7.161528062820435,
    6.832054456075032,
    6.8899837262702714,
    6.898157715797424,
    7.003466061183384,
    6.949720178331647,
    6.868063204216234,
    6.944956855773926,
    6.798884948094686,
    6.99452779843257,
    6.814588642120361,
    6.922927393232073,
    7.241546254408987,
    7.010226323054387,
    6.973583126068116,
    7.036007765567664,
    6.967406170708792,
    7.128797782094855,
    7.144147952397664,
    6.919252094469573,
    7.177996322512627,
    7.438817063967387,
    7.958844810724258,
    8.075068092346191,
    8.08915525163923,
    7.28157149042402,
    7.231522887945175,
    7.015111923217773,
    6.663341416252984,
    6.609578963688442,
    6.631572395563126,
    6.718664972405684,
    6.660057152018828,
    6.796096524884624,
    7.002831785302413,
    6.563937299391803,
    6.675344721476237,
    6.801927672492133,
    6.701141589028495,
    6.827200119311993,
    6.698867270821019,
    6.550429344177246,
    6.889001944485833,
    6.864842637379964,
    6.869239091873169,
    6.928054428100586,
    7.100633929757511,
    6.919056964643074,
    7.205284531911214,
    7.148633559544881,
    7.00344177087148,
    7.681035818877043,
    8.666107922792435,
    9.285996246337891,
    8.933723330497742,
    7.899231791496277,
    7.0580181931004375,
    6.8007839024066925,
    6.982546657323837,
    6.866185784339905,
    6.986024325234549,
    7.09706240433913,
    6.924133515357971,
    7.103863596916199,
    7.01163555446424,
    6.839430304134593,
    6.649430134717156,
    6.7548068099551735,
    6.950308542985183,
    7.062729960993717,
    6.868870258331299,
    6.98692772938655,
    6.970967518655877
  ],
  "policy_loss": [
    0.35469793528318405,
    0.2698257053270936,
    0.22167681902647018,
    0.22693509375676513,
    0.2471806649118662,
    0.19643994700163603,
    0.24600544525310397,
    0.21742046624422073,
    0.24591034976765513,
    0.2454226384870708,
    0.236790067050606,
    0.24664954328909516,
    0.23327023908495903,
    0.24345724610611796,
    0.24247879069298506,
    0.23496650578454137,
    0.21227232459932566,
    0.2282979735173285,
    0.19620745442807674,
    0.2226129206828773,
    0.2365824170410633,
    0.23143049515783787,
    0.2255344269797206,
    0.21264385944232345,
    0.22310104174539447,
    0.2371488194912672,
    0.20104089099913836,
    0.20991746056824923,
    0.2638545040972531,
    0.10840924456715584,
    0.2383206901140511,
    0.13052814058028162,
    0.20203607948496938,
    0.2250556629151106,
    0.2604579939506948,
    0.2519473163411021,
    0.2573946435004473,
    0.2559560635127127,
    0.2580803092569113,
    0.25840198202058673,
    0.25517662009224296,
    0.24865170335397124,
    0.2274837912991643,
    0.2530710268765688,
    0.26279631489887834,
    0.2621416808106005,
    0.2476816507987678,
    0.2585091800428927,
    0.24688247218728065,
    0.2470310442149639,
    0.25548383267596364,
    0.24160378519445658,
    0.25890162819996476,
    0.24973066337406635,
    0.26440047193318605,
    0.25403250055387616,
    0.2445478173904121,
    0.26645778119564056,
    0.06165372737450525,
    0.11968924943357706,
    0.32469011889770627,
    0.17510511819273233,
    0.1522355917841196,
    0.22126853605732322,
    0.26778662065044045,
    0.27408673241734505,
    0.293034452944994,
    0.30702668987214565,
    0.08941537630744278,
    0.23241179063916206,
    0.2633637306280434,
    0.2670364701189101,
    0.26995291747152805,
    0.2659788834862411,
    0.28024194901809096,
    0.28068173583596945,
    0.2699889470823109,
    0.09500833577476442,
    0.10962020326405764,
    0.236808602232486
  ],